<project default="refresh" basedir=".">

  <target name="clean">
  	<delete dir="dtds" />
  </target>

  <target name="copy-source" depends="clean">
  	<mkdir dir="dtds"/>
  	
  	<copy todir="dtds">
  	  <fileset dir="../../core/mybatis-generator-core/src/main/resources/org/mybatis/generator/config/xml">
  	    <include name="*.dtd"/>
  	  </fileset>
  	</copy>
  </target>
	
  <target name="refresh" depends="copy-source" if="eclipse.running">
    <echo message="Refreshing the Eclipse Project..."/>
    <eclipse.refreshLocal resource="org.mybatis.generator.eclipse.ui"/>
  </target>
</project>
